序号,链接,节点数
0,https://8HkS8B.absslk.xyz/036f2dc2e945f92738d0878d063ac6c5,38
1,https://gZWQCd.mcsslk.xyz/107ea5aa01c8a2c6a71aff00b364465b,39
2,https://gitlab.com/colloq168/nodefiltrate/-/raw/main/filtrate?ref_type=heads,143
3,https://raw.githubusercontent.com/Alvin9999/pac2/master/clash.meta2/1/config.yaml,0
4,https://raw.githubusercontent.com/Alvin9999/pac2/master/clash.meta2/13/config.yaml,0
5,https://raw.githubusercontent.com/Alvin9999/pac2/master/clash.meta2/15/config.yaml,0
6,https://raw.githubusercontent.com/Alvin9999/pac2/master/clash.meta2/2/config.yaml,0
7,https://raw.githubusercontent.com/Alvin9999/pac2/master/clash.meta2/config.yaml,0
8,https://raw.githubusercontent.com/Huibq/TrojanLinks/master/links/vmess,0
9,https://raw.githubusercontent.com/Surfboardv2ray/TGParse/main/python/hy2,0
10,https://raw.githubusercontent.com/Surfboardv2ray/TGParse/main/python/hysteria2,2
11,https://raw.githubusercontent.com/qjlxg/hy2/main/splitted/hy2,13
12,https://raw.githubusercontent.com/ripaojiedian/freenode/main/clash,23
13,https://raw.githubusercontent.com/ripaojiedian/freenode/main/sub,24
14,https://raw.githubusercontent.com/zhangkaiitugithub/passcro/main/speednodes.yaml,116
15,dynamic://peasoft,0

总计,,364
